id,question,answer
1,"How do I stay motivated to exercise?","Motivation comes from consistency. Set clear, realistic goals, find an activity you enjoy, track your progress, and don't be too hard on yourself if you miss a day."
2,"How often should a beginner work out?","A great start for a beginner is 3 to 4 days per week. This allows your body enough time to recover and adapt between sessions, which is crucial for preventing injury."
3,"What should I eat before a workout?","Aim for a snack or small meal with carbohydrates for energy and a little protein about 1-2 hours before. Good options include oatmeal, a banana with peanut butter, or a piece of fruit."
4,"What should I eat after a workout?","After a workout, focus on replenishing your energy and repairing your muscles. A meal with a good source of protein and carbohydrates within 2 hours is ideal. A protein shake, chicken and rice, or yogurt are great choices."
5,"Is it better to do cardio before or after weights?","For building strength, it's best to lift weights first when your muscles are fresh. You can do cardio after your lifting session or on separate days."
6,"How important is rest and recovery?","Rest is as important as the workout itself. It's when your muscles repair and grow stronger. Aim for 7-9 hours of sleep per night and schedule rest days into your weekly routine."
7,"How long will it take to see results?","Results vary for everyone, but with consistent effort, most people start to feel stronger within 2-4 weeks. Visible changes often take around 8-12 weeks."
8,"Will lifting weights make me bulky?","No, lifting weights alone won't make you bulky. Building significant muscle mass requires a very specific, high-calorie diet and intense training. For most people, it builds lean, toned muscle."
9,"Do I need to take supplements like protein powder?","Supplements are not necessary. You can get all the protein you need from a balanced diet. Protein powder is simply a convenient option if you struggle to meet your protein goals through food alone."
10,"What's the best way to lose fat?","The most effective way to lose fat is through a combination of a calorie deficit (consuming slightly fewer calories than you burn), regular strength training to build muscle, and cardiovascular exercise."
11,"How much water should I drink?","Staying hydrated is crucial. A general guideline is to drink at least 8-10 glasses (about 2-3 liters) of water per day, and more if you're exercising intensely."
12,"What is Progressive Overload?","It's the core principle of getting stronger. It means gradually increasing the demand on your muscles over time, whether by lifting heavier weights, doing more reps, or taking shorter rests."
13,"Are bodyweight exercises effective?","Absolutely. Exercises like push-ups, squats, and planks are incredibly effective for building foundational strength and improving stability without any equipment."
14,"How do I warm up properly before a workout?","A good warm-up increases blood flow and prepares your body for exercise. Spend 5-10 minutes doing light cardio (like jogging) followed by dynamic stretches (like leg swings and arm circles)."
15,"Is it okay to feel sore after a workout?","Yes, mild muscle soreness, known as DOMS, is normal, especially when starting a new routine. It usually appears 24-48 hours after exercise and is a sign your muscles are adapting."
16,"What are compound vs. isolation exercises?","Compound exercises work multiple muscle groups at once (e.g., squats, deadlifts) and are great for overall strength. Isolation exercises target a single muscle group (e.g., bicep curls). A good routine includes both."
17,"How many sets and reps should I do for muscle growth?","For muscle growth (hypertrophy), a common and effective range is 3-4 sets of 8-12 repetitions per exercise."
18,"How long should I rest between sets for building muscle?","For muscle growth, resting for 60-90 seconds between sets is ideal. This allows for sufficient recovery while keeping the muscle under metabolic stress."
19,"How long should I rest between sets for building strength?","For pure strength with very heavy weights (1-6 reps), you should rest longer, typically 2-5 minutes between sets. This allows your nervous system to fully recover for the next lift."
20,"What is the best type of cardio for fat loss?","The best type of cardio is the one you'll do consistently. Both High-Intensity Interval Training (HIIT) and steady-state cardio (like jogging) are effective. HIIT is more time-efficient, but can be more stressful on the body."
21,"Can I lose fat from just my belly by doing crunches?","This is a myth called 'spot reduction,' and it's not possible. Crunches strengthen your ab muscles, but you lose body fat from all over your body through a proper diet and overall exercise, not from one specific area."
22,"What is creatine and is it safe?","Creatine is a well-researched supplement that helps your muscles produce energy during heavy lifting. For most healthy individuals, it's considered very safe and effective for improving strength and muscle mass. Always drink plenty of water when taking it."
23,"How do I know if I'm using the correct form?","Proper form is crucial to prevent injury. The best way to learn is by watching videos from reputable trainers, starting with a very light weight (or no weight), and considering a session with a certified personal trainer to check your technique."
24,"Should I stretch before or after my workout?","Dynamic stretches (like leg swings and arm circles) are best for your warm-up. Static stretches (holding a stretch for 20-30 seconds) are best for your cool-down after the workout, as they help improve flexibility when your muscles are warm."
25,"Is it okay to work out every day?","Working out every day is possible, but it's generally not recommended to train the same muscle groups intensely on consecutive days. If you do train daily, alternate muscle groups or have active recovery days with light activities like walking or stretching. Rest is essential for growth."